--------------------------------------------------------
--  File created - sobota-stycznia-07-2017   
--------------------------------------------------------
DROP TABLE "RAILWAY"."CARRIAGES" cascade constraints;
DROP TABLE "RAILWAY"."EXECUTE_RELATIONS" cascade constraints;
DROP TABLE "RAILWAY"."RELATIONS" cascade constraints;
DROP TABLE "RAILWAY"."RESERVATIONS" cascade constraints;
DROP TABLE "RAILWAY"."SEATS" cascade constraints;
DROP TABLE "RAILWAY"."STATIONS" cascade constraints;
DROP TABLE "RAILWAY"."TICKETS" cascade constraints;
DROP TABLE "RAILWAY"."TRAINS" cascade constraints;
DROP TABLE "RAILWAY"."UNUSED_ID" cascade constraints;
DROP TABLE "RAILWAY"."USERS" cascade constraints;
DROP PROCEDURE "RAILWAY"."CREATE_CARRIAGE";
DROP PROCEDURE "RAILWAY"."CREATE_USER";
DROP PROCEDURE "RAILWAY"."DELETE_USER";
DROP PROCEDURE "RAILWAY"."UPDATE_PROFILE";
--------------------------------------------------------
--  DDL for Table CARRIAGES
--------------------------------------------------------

  CREATE TABLE "RAILWAY"."CARRIAGES" 
   (	"CARRIAGE_ID" NUMBER(*,0), 
	"CLASS" NUMBER(*,0), 
	"TRAIN_ID" NUMBER(*,0)
   ) SEGMENT CREATION IMMEDIATE 
  PCTFREE 10 PCTUSED 40 INITRANS 1 MAXTRANS 255 
 NOCOMPRESS LOGGING
  STORAGE(INITIAL 65536 NEXT 1048576 MINEXTENTS 1 MAXEXTENTS 2147483645
  PCTINCREASE 0 FREELISTS 1 FREELIST GROUPS 1
  BUFFER_POOL DEFAULT FLASH_CACHE DEFAULT CELL_FLASH_CACHE DEFAULT)
  TABLESPACE "USERS" ;
--------------------------------------------------------
--  DDL for Table EXECUTE_RELATIONS
--------------------------------------------------------

  CREATE TABLE "RAILWAY"."EXECUTE_RELATIONS" 
   (	"EXEC_RELATION_ID" NUMBER(*,0), 
	"TRAIN_ID" NUMBER(*,0), 
	"RELATION_ID" NUMBER(*,0), 
	"DATE_FROM" DATE, 
	"DATE_TO" DATE, 
	"TIME_FROM" TIMESTAMP (6), 
	"TIME_TO" TIMESTAMP (6)
   ) SEGMENT CREATION IMMEDIATE 
  PCTFREE 10 PCTUSED 40 INITRANS 1 MAXTRANS 255 
 NOCOMPRESS LOGGING
  STORAGE(INITIAL 65536 NEXT 1048576 MINEXTENTS 1 MAXEXTENTS 2147483645
  PCTINCREASE 0 FREELISTS 1 FREELIST GROUPS 1
  BUFFER_POOL DEFAULT FLASH_CACHE DEFAULT CELL_FLASH_CACHE DEFAULT)
  TABLESPACE "USERS" ;
--------------------------------------------------------
--  DDL for Table RELATIONS
--------------------------------------------------------

  CREATE TABLE "RAILWAY"."RELATIONS" 
   (	"RELATION_ID" NUMBER(*,0), 
	"STATION_ID_FROM" NUMBER(*,0), 
	"STATION_ID_TO" NUMBER(*,0)
   ) SEGMENT CREATION IMMEDIATE 
  PCTFREE 10 PCTUSED 40 INITRANS 1 MAXTRANS 255 
 NOCOMPRESS LOGGING
  STORAGE(INITIAL 65536 NEXT 1048576 MINEXTENTS 1 MAXEXTENTS 2147483645
  PCTINCREASE 0 FREELISTS 1 FREELIST GROUPS 1
  BUFFER_POOL DEFAULT FLASH_CACHE DEFAULT CELL_FLASH_CACHE DEFAULT)
  TABLESPACE "USERS" ;
--------------------------------------------------------
--  DDL for Table RESERVATIONS
--------------------------------------------------------

  CREATE TABLE "RAILWAY"."RESERVATIONS" 
   (	"RESERVATION_ID" NUMBER(*,0), 
	"TICKET_ID" NUMBER(*,0), 
	"USER_ID" NUMBER(*,0), 
	"COST" NUMBER(8,2), 
	"DATE" DATE
   ) SEGMENT CREATION DEFERRED 
  PCTFREE 10 PCTUSED 40 INITRANS 1 MAXTRANS 255 
 NOCOMPRESS LOGGING
  TABLESPACE "USERS" ;
--------------------------------------------------------
--  DDL for Table SEATS
--------------------------------------------------------

  CREATE TABLE "RAILWAY"."SEATS" 
   (	"SEAT_ID" NUMBER(*,0), 
	"SEAT_NUMBER" NUMBER(*,0), 
	"COMPARTMENT_ID" NUMBER(*,0), 
	"CARRIAGE_ID" NUMBER(*,0)
   ) SEGMENT CREATION IMMEDIATE 
  PCTFREE 10 PCTUSED 40 INITRANS 1 MAXTRANS 255 
 NOCOMPRESS LOGGING
  STORAGE(INITIAL 65536 NEXT 1048576 MINEXTENTS 1 MAXEXTENTS 2147483645
  PCTINCREASE 0 FREELISTS 1 FREELIST GROUPS 1
  BUFFER_POOL DEFAULT FLASH_CACHE DEFAULT CELL_FLASH_CACHE DEFAULT)
  TABLESPACE "USERS" ;
--------------------------------------------------------
--  DDL for Table STATIONS
--------------------------------------------------------

  CREATE TABLE "RAILWAY"."STATIONS" 
   (	"STATION_ID" NUMBER(*,0), 
	"NAME" VARCHAR2(30 BYTE), 
	"CITY" VARCHAR2(30 BYTE), 
	"ADDRESS" VARCHAR2(60 BYTE)
   ) SEGMENT CREATION IMMEDIATE 
  PCTFREE 10 PCTUSED 40 INITRANS 1 MAXTRANS 255 
 NOCOMPRESS LOGGING
  STORAGE(INITIAL 65536 NEXT 1048576 MINEXTENTS 1 MAXEXTENTS 2147483645
  PCTINCREASE 0 FREELISTS 1 FREELIST GROUPS 1
  BUFFER_POOL DEFAULT FLASH_CACHE DEFAULT CELL_FLASH_CACHE DEFAULT)
  TABLESPACE "USERS" ;
--------------------------------------------------------
--  DDL for Table TICKETS
--------------------------------------------------------

  CREATE TABLE "RAILWAY"."TICKETS" 
   (	"TICKET_ID" NUMBER(*,0), 
	"TYPE" NUMBER(*,0), 
	"PRICE" NUMBER(8,2), 
	"STATUS" VARCHAR2(30 BYTE), 
	"VALID_TILL" DATE, 
	"EXEC_RELATION_ID" NUMBER(*,0), 
	"SEAT_ID" NUMBER(*,0)
   ) SEGMENT CREATION DEFERRED 
  PCTFREE 10 PCTUSED 40 INITRANS 1 MAXTRANS 255 
 NOCOMPRESS LOGGING
  TABLESPACE "USERS" ;
--------------------------------------------------------
--  DDL for Table TRAINS
--------------------------------------------------------

  CREATE TABLE "RAILWAY"."TRAINS" 
   (	"TRAIN_ID" NUMBER(*,0)
   ) SEGMENT CREATION IMMEDIATE 
  PCTFREE 10 PCTUSED 40 INITRANS 1 MAXTRANS 255 
 NOCOMPRESS LOGGING
  STORAGE(INITIAL 65536 NEXT 1048576 MINEXTENTS 1 MAXEXTENTS 2147483645
  PCTINCREASE 0 FREELISTS 1 FREELIST GROUPS 1
  BUFFER_POOL DEFAULT FLASH_CACHE DEFAULT CELL_FLASH_CACHE DEFAULT)
  TABLESPACE "USERS" ;
--------------------------------------------------------
--  DDL for Table UNUSED_ID
--------------------------------------------------------

  CREATE TABLE "RAILWAY"."UNUSED_ID" 
   (	"unused_id" NUMBER(*,0)
   ) SEGMENT CREATION IMMEDIATE 
  PCTFREE 10 PCTUSED 40 INITRANS 1 MAXTRANS 255 
 NOCOMPRESS LOGGING
  STORAGE(INITIAL 65536 NEXT 1048576 MINEXTENTS 1 MAXEXTENTS 2147483645
  PCTINCREASE 0 FREELISTS 1 FREELIST GROUPS 1
  BUFFER_POOL DEFAULT FLASH_CACHE DEFAULT CELL_FLASH_CACHE DEFAULT)
  TABLESPACE "USERS" ;
--------------------------------------------------------
--  DDL for Table USERS
--------------------------------------------------------

  CREATE TABLE "RAILWAY"."USERS" 
   (	"USER_ID" NUMBER(*,0), 
	"NAME" VARCHAR2(30 BYTE), 
	"LAST_NAME" VARCHAR2(30 BYTE), 
	"EMAIL" VARCHAR2(30 BYTE), 
	"ADDRESS" VARCHAR2(50 BYTE), 
	"DATE_OF_REGISTRATION" DATE, 
	"PASSWORD" VARCHAR2(120 BYTE), 
	"PHONE_NUMBER" VARCHAR2(20 BYTE), 
	"STATUS" VARCHAR2(30 BYTE) DEFAULT 'user'
   ) SEGMENT CREATION IMMEDIATE 
  PCTFREE 10 PCTUSED 40 INITRANS 1 MAXTRANS 255 
 NOCOMPRESS LOGGING
  STORAGE(INITIAL 65536 NEXT 1048576 MINEXTENTS 1 MAXEXTENTS 2147483645
  PCTINCREASE 0 FREELISTS 1 FREELIST GROUPS 1
  BUFFER_POOL DEFAULT FLASH_CACHE DEFAULT CELL_FLASH_CACHE DEFAULT)
  TABLESPACE "USERS" ;
REM INSERTING into RAILWAY.CARRIAGES
SET DEFINE OFF;
Insert into RAILWAY.CARRIAGES (CARRIAGE_ID,CLASS,TRAIN_ID) values ('4569274','1','1');
Insert into RAILWAY.CARRIAGES (CARRIAGE_ID,CLASS,TRAIN_ID) values ('4569275','1','1');
Insert into RAILWAY.CARRIAGES (CARRIAGE_ID,CLASS,TRAIN_ID) values ('4569276','1','1');
Insert into RAILWAY.CARRIAGES (CARRIAGE_ID,CLASS,TRAIN_ID) values ('4569277','2','1');
Insert into RAILWAY.CARRIAGES (CARRIAGE_ID,CLASS,TRAIN_ID) values ('4569278','2','1');
Insert into RAILWAY.CARRIAGES (CARRIAGE_ID,CLASS,TRAIN_ID) values ('4569279','2','1');
REM INSERTING into RAILWAY.EXECUTE_RELATIONS
SET DEFINE OFF;
Insert into RAILWAY.EXECUTE_RELATIONS (EXEC_RELATION_ID,TRAIN_ID,RELATION_ID,DATE_FROM,DATE_TO,TIME_FROM,TIME_TO) values ('1','1','1',to_date('17/01/17','RR/MM/DD'),to_date('17/01/17','RR/MM/DD'),to_timestamp('17/01/27 09:08:00,000000000','RR/MM/DD HH24:MI:SSXFF'),to_timestamp('17/01/17 12:00:00,000000000','RR/MM/DD HH24:MI:SSXFF'));
REM INSERTING into RAILWAY.RELATIONS
SET DEFINE OFF;
Insert into RAILWAY.RELATIONS (RELATION_ID,STATION_ID_FROM,STATION_ID_TO) values ('1','1','2');
REM INSERTING into RAILWAY.RESERVATIONS
SET DEFINE OFF;
REM INSERTING into RAILWAY.SEATS
SET DEFINE OFF;
Insert into RAILWAY.SEATS (SEAT_ID,SEAT_NUMBER,COMPARTMENT_ID,CARRIAGE_ID) values ('1','1','1','4569274');
Insert into RAILWAY.SEATS (SEAT_ID,SEAT_NUMBER,COMPARTMENT_ID,CARRIAGE_ID) values ('2','2','1','4569274');
Insert into RAILWAY.SEATS (SEAT_ID,SEAT_NUMBER,COMPARTMENT_ID,CARRIAGE_ID) values ('3','3','1','4569274');
Insert into RAILWAY.SEATS (SEAT_ID,SEAT_NUMBER,COMPARTMENT_ID,CARRIAGE_ID) values ('4','4','1','4569274');
Insert into RAILWAY.SEATS (SEAT_ID,SEAT_NUMBER,COMPARTMENT_ID,CARRIAGE_ID) values ('5','5','1','4569274');
Insert into RAILWAY.SEATS (SEAT_ID,SEAT_NUMBER,COMPARTMENT_ID,CARRIAGE_ID) values ('6','6','1','4569274');
Insert into RAILWAY.SEATS (SEAT_ID,SEAT_NUMBER,COMPARTMENT_ID,CARRIAGE_ID) values ('7','1','2','4569274');
Insert into RAILWAY.SEATS (SEAT_ID,SEAT_NUMBER,COMPARTMENT_ID,CARRIAGE_ID) values ('8','2','2','4569274');
Insert into RAILWAY.SEATS (SEAT_ID,SEAT_NUMBER,COMPARTMENT_ID,CARRIAGE_ID) values ('9','3','2','4569274');
Insert into RAILWAY.SEATS (SEAT_ID,SEAT_NUMBER,COMPARTMENT_ID,CARRIAGE_ID) values ('10','4','2','4569274');
Insert into RAILWAY.SEATS (SEAT_ID,SEAT_NUMBER,COMPARTMENT_ID,CARRIAGE_ID) values ('11','5','2','4569274');
Insert into RAILWAY.SEATS (SEAT_ID,SEAT_NUMBER,COMPARTMENT_ID,CARRIAGE_ID) values ('12','6','2','4569274');
Insert into RAILWAY.SEATS (SEAT_ID,SEAT_NUMBER,COMPARTMENT_ID,CARRIAGE_ID) values ('13','1','3','4569274');
Insert into RAILWAY.SEATS (SEAT_ID,SEAT_NUMBER,COMPARTMENT_ID,CARRIAGE_ID) values ('14','2','3','4569274');
Insert into RAILWAY.SEATS (SEAT_ID,SEAT_NUMBER,COMPARTMENT_ID,CARRIAGE_ID) values ('15','3','3','4569274');
Insert into RAILWAY.SEATS (SEAT_ID,SEAT_NUMBER,COMPARTMENT_ID,CARRIAGE_ID) values ('16','4','3','4569274');
Insert into RAILWAY.SEATS (SEAT_ID,SEAT_NUMBER,COMPARTMENT_ID,CARRIAGE_ID) values ('17','5','3','4569274');
Insert into RAILWAY.SEATS (SEAT_ID,SEAT_NUMBER,COMPARTMENT_ID,CARRIAGE_ID) values ('18','6','3','4569274');
Insert into RAILWAY.SEATS (SEAT_ID,SEAT_NUMBER,COMPARTMENT_ID,CARRIAGE_ID) values ('19','1','4','4569274');
Insert into RAILWAY.SEATS (SEAT_ID,SEAT_NUMBER,COMPARTMENT_ID,CARRIAGE_ID) values ('20','2','4','4569274');
Insert into RAILWAY.SEATS (SEAT_ID,SEAT_NUMBER,COMPARTMENT_ID,CARRIAGE_ID) values ('21','3','4','4569274');
Insert into RAILWAY.SEATS (SEAT_ID,SEAT_NUMBER,COMPARTMENT_ID,CARRIAGE_ID) values ('22','4','4','4569274');
Insert into RAILWAY.SEATS (SEAT_ID,SEAT_NUMBER,COMPARTMENT_ID,CARRIAGE_ID) values ('23','5','4','4569274');
Insert into RAILWAY.SEATS (SEAT_ID,SEAT_NUMBER,COMPARTMENT_ID,CARRIAGE_ID) values ('24','6','4','4569274');
Insert into RAILWAY.SEATS (SEAT_ID,SEAT_NUMBER,COMPARTMENT_ID,CARRIAGE_ID) values ('25','1','5','4569274');
Insert into RAILWAY.SEATS (SEAT_ID,SEAT_NUMBER,COMPARTMENT_ID,CARRIAGE_ID) values ('26','2','5','4569274');
Insert into RAILWAY.SEATS (SEAT_ID,SEAT_NUMBER,COMPARTMENT_ID,CARRIAGE_ID) values ('27','3','5','4569274');
Insert into RAILWAY.SEATS (SEAT_ID,SEAT_NUMBER,COMPARTMENT_ID,CARRIAGE_ID) values ('28','4','5','4569274');
Insert into RAILWAY.SEATS (SEAT_ID,SEAT_NUMBER,COMPARTMENT_ID,CARRIAGE_ID) values ('29','5','5','4569274');
Insert into RAILWAY.SEATS (SEAT_ID,SEAT_NUMBER,COMPARTMENT_ID,CARRIAGE_ID) values ('30','6','5','4569274');
Insert into RAILWAY.SEATS (SEAT_ID,SEAT_NUMBER,COMPARTMENT_ID,CARRIAGE_ID) values ('31','1','6','4569274');
Insert into RAILWAY.SEATS (SEAT_ID,SEAT_NUMBER,COMPARTMENT_ID,CARRIAGE_ID) values ('32','2','6','4569274');
Insert into RAILWAY.SEATS (SEAT_ID,SEAT_NUMBER,COMPARTMENT_ID,CARRIAGE_ID) values ('33','3','6','4569274');
Insert into RAILWAY.SEATS (SEAT_ID,SEAT_NUMBER,COMPARTMENT_ID,CARRIAGE_ID) values ('34','4','6','4569274');
Insert into RAILWAY.SEATS (SEAT_ID,SEAT_NUMBER,COMPARTMENT_ID,CARRIAGE_ID) values ('35','5','6','4569274');
Insert into RAILWAY.SEATS (SEAT_ID,SEAT_NUMBER,COMPARTMENT_ID,CARRIAGE_ID) values ('36','6','6','4569274');
Insert into RAILWAY.SEATS (SEAT_ID,SEAT_NUMBER,COMPARTMENT_ID,CARRIAGE_ID) values ('37','1','7','4569274');
Insert into RAILWAY.SEATS (SEAT_ID,SEAT_NUMBER,COMPARTMENT_ID,CARRIAGE_ID) values ('38','2','7','4569274');
Insert into RAILWAY.SEATS (SEAT_ID,SEAT_NUMBER,COMPARTMENT_ID,CARRIAGE_ID) values ('39','3','7','4569274');
Insert into RAILWAY.SEATS (SEAT_ID,SEAT_NUMBER,COMPARTMENT_ID,CARRIAGE_ID) values ('40','4','7','4569274');
Insert into RAILWAY.SEATS (SEAT_ID,SEAT_NUMBER,COMPARTMENT_ID,CARRIAGE_ID) values ('41','5','7','4569274');
Insert into RAILWAY.SEATS (SEAT_ID,SEAT_NUMBER,COMPARTMENT_ID,CARRIAGE_ID) values ('42','6','7','4569274');
Insert into RAILWAY.SEATS (SEAT_ID,SEAT_NUMBER,COMPARTMENT_ID,CARRIAGE_ID) values ('43','1','8','4569274');
Insert into RAILWAY.SEATS (SEAT_ID,SEAT_NUMBER,COMPARTMENT_ID,CARRIAGE_ID) values ('44','2','8','4569274');
Insert into RAILWAY.SEATS (SEAT_ID,SEAT_NUMBER,COMPARTMENT_ID,CARRIAGE_ID) values ('45','3','8','4569274');
Insert into RAILWAY.SEATS (SEAT_ID,SEAT_NUMBER,COMPARTMENT_ID,CARRIAGE_ID) values ('46','4','8','4569274');
Insert into RAILWAY.SEATS (SEAT_ID,SEAT_NUMBER,COMPARTMENT_ID,CARRIAGE_ID) values ('47','5','8','4569274');
Insert into RAILWAY.SEATS (SEAT_ID,SEAT_NUMBER,COMPARTMENT_ID,CARRIAGE_ID) values ('48','6','8','4569274');
Insert into RAILWAY.SEATS (SEAT_ID,SEAT_NUMBER,COMPARTMENT_ID,CARRIAGE_ID) values ('49','1','1','4569275');
Insert into RAILWAY.SEATS (SEAT_ID,SEAT_NUMBER,COMPARTMENT_ID,CARRIAGE_ID) values ('50','2','1','4569275');
Insert into RAILWAY.SEATS (SEAT_ID,SEAT_NUMBER,COMPARTMENT_ID,CARRIAGE_ID) values ('51','3','1','4569275');
Insert into RAILWAY.SEATS (SEAT_ID,SEAT_NUMBER,COMPARTMENT_ID,CARRIAGE_ID) values ('52','4','1','4569275');
Insert into RAILWAY.SEATS (SEAT_ID,SEAT_NUMBER,COMPARTMENT_ID,CARRIAGE_ID) values ('53','5','1','4569275');
Insert into RAILWAY.SEATS (SEAT_ID,SEAT_NUMBER,COMPARTMENT_ID,CARRIAGE_ID) values ('54','6','1','4569275');
Insert into RAILWAY.SEATS (SEAT_ID,SEAT_NUMBER,COMPARTMENT_ID,CARRIAGE_ID) values ('55','1','2','4569275');
Insert into RAILWAY.SEATS (SEAT_ID,SEAT_NUMBER,COMPARTMENT_ID,CARRIAGE_ID) values ('56','2','2','4569275');
Insert into RAILWAY.SEATS (SEAT_ID,SEAT_NUMBER,COMPARTMENT_ID,CARRIAGE_ID) values ('57','3','2','4569275');
Insert into RAILWAY.SEATS (SEAT_ID,SEAT_NUMBER,COMPARTMENT_ID,CARRIAGE_ID) values ('58','4','2','4569275');
Insert into RAILWAY.SEATS (SEAT_ID,SEAT_NUMBER,COMPARTMENT_ID,CARRIAGE_ID) values ('59','5','2','4569275');
Insert into RAILWAY.SEATS (SEAT_ID,SEAT_NUMBER,COMPARTMENT_ID,CARRIAGE_ID) values ('60','6','2','4569275');
Insert into RAILWAY.SEATS (SEAT_ID,SEAT_NUMBER,COMPARTMENT_ID,CARRIAGE_ID) values ('61','1','3','4569275');
Insert into RAILWAY.SEATS (SEAT_ID,SEAT_NUMBER,COMPARTMENT_ID,CARRIAGE_ID) values ('62','2','3','4569275');
Insert into RAILWAY.SEATS (SEAT_ID,SEAT_NUMBER,COMPARTMENT_ID,CARRIAGE_ID) values ('63','3','3','4569275');
Insert into RAILWAY.SEATS (SEAT_ID,SEAT_NUMBER,COMPARTMENT_ID,CARRIAGE_ID) values ('64','4','3','4569275');
Insert into RAILWAY.SEATS (SEAT_ID,SEAT_NUMBER,COMPARTMENT_ID,CARRIAGE_ID) values ('65','5','3','4569275');
Insert into RAILWAY.SEATS (SEAT_ID,SEAT_NUMBER,COMPARTMENT_ID,CARRIAGE_ID) values ('66','6','3','4569275');
Insert into RAILWAY.SEATS (SEAT_ID,SEAT_NUMBER,COMPARTMENT_ID,CARRIAGE_ID) values ('67','1','4','4569275');
Insert into RAILWAY.SEATS (SEAT_ID,SEAT_NUMBER,COMPARTMENT_ID,CARRIAGE_ID) values ('68','2','4','4569275');
Insert into RAILWAY.SEATS (SEAT_ID,SEAT_NUMBER,COMPARTMENT_ID,CARRIAGE_ID) values ('69','3','4','4569275');
Insert into RAILWAY.SEATS (SEAT_ID,SEAT_NUMBER,COMPARTMENT_ID,CARRIAGE_ID) values ('70','4','4','4569275');
Insert into RAILWAY.SEATS (SEAT_ID,SEAT_NUMBER,COMPARTMENT_ID,CARRIAGE_ID) values ('71','5','4','4569275');
Insert into RAILWAY.SEATS (SEAT_ID,SEAT_NUMBER,COMPARTMENT_ID,CARRIAGE_ID) values ('72','6','4','4569275');
Insert into RAILWAY.SEATS (SEAT_ID,SEAT_NUMBER,COMPARTMENT_ID,CARRIAGE_ID) values ('73','1','5','4569275');
Insert into RAILWAY.SEATS (SEAT_ID,SEAT_NUMBER,COMPARTMENT_ID,CARRIAGE_ID) values ('74','2','5','4569275');
Insert into RAILWAY.SEATS (SEAT_ID,SEAT_NUMBER,COMPARTMENT_ID,CARRIAGE_ID) values ('75','3','5','4569275');
Insert into RAILWAY.SEATS (SEAT_ID,SEAT_NUMBER,COMPARTMENT_ID,CARRIAGE_ID) values ('76','4','5','4569275');
Insert into RAILWAY.SEATS (SEAT_ID,SEAT_NUMBER,COMPARTMENT_ID,CARRIAGE_ID) values ('77','5','5','4569275');
Insert into RAILWAY.SEATS (SEAT_ID,SEAT_NUMBER,COMPARTMENT_ID,CARRIAGE_ID) values ('78','6','5','4569275');
Insert into RAILWAY.SEATS (SEAT_ID,SEAT_NUMBER,COMPARTMENT_ID,CARRIAGE_ID) values ('79','1','6','4569275');
Insert into RAILWAY.SEATS (SEAT_ID,SEAT_NUMBER,COMPARTMENT_ID,CARRIAGE_ID) values ('80','2','6','4569275');
Insert into RAILWAY.SEATS (SEAT_ID,SEAT_NUMBER,COMPARTMENT_ID,CARRIAGE_ID) values ('81','3','6','4569275');
Insert into RAILWAY.SEATS (SEAT_ID,SEAT_NUMBER,COMPARTMENT_ID,CARRIAGE_ID) values ('82','4','6','4569275');
Insert into RAILWAY.SEATS (SEAT_ID,SEAT_NUMBER,COMPARTMENT_ID,CARRIAGE_ID) values ('83','5','6','4569275');
Insert into RAILWAY.SEATS (SEAT_ID,SEAT_NUMBER,COMPARTMENT_ID,CARRIAGE_ID) values ('84','6','6','4569275');
Insert into RAILWAY.SEATS (SEAT_ID,SEAT_NUMBER,COMPARTMENT_ID,CARRIAGE_ID) values ('85','1','7','4569275');
Insert into RAILWAY.SEATS (SEAT_ID,SEAT_NUMBER,COMPARTMENT_ID,CARRIAGE_ID) values ('86','2','7','4569275');
Insert into RAILWAY.SEATS (SEAT_ID,SEAT_NUMBER,COMPARTMENT_ID,CARRIAGE_ID) values ('87','3','7','4569275');
Insert into RAILWAY.SEATS (SEAT_ID,SEAT_NUMBER,COMPARTMENT_ID,CARRIAGE_ID) values ('88','4','7','4569275');
Insert into RAILWAY.SEATS (SEAT_ID,SEAT_NUMBER,COMPARTMENT_ID,CARRIAGE_ID) values ('89','5','7','4569275');
Insert into RAILWAY.SEATS (SEAT_ID,SEAT_NUMBER,COMPARTMENT_ID,CARRIAGE_ID) values ('90','6','7','4569275');
Insert into RAILWAY.SEATS (SEAT_ID,SEAT_NUMBER,COMPARTMENT_ID,CARRIAGE_ID) values ('91','1','8','4569275');
Insert into RAILWAY.SEATS (SEAT_ID,SEAT_NUMBER,COMPARTMENT_ID,CARRIAGE_ID) values ('92','2','8','4569275');
Insert into RAILWAY.SEATS (SEAT_ID,SEAT_NUMBER,COMPARTMENT_ID,CARRIAGE_ID) values ('93','3','8','4569275');
Insert into RAILWAY.SEATS (SEAT_ID,SEAT_NUMBER,COMPARTMENT_ID,CARRIAGE_ID) values ('94','4','8','4569275');
Insert into RAILWAY.SEATS (SEAT_ID,SEAT_NUMBER,COMPARTMENT_ID,CARRIAGE_ID) values ('95','5','8','4569275');
Insert into RAILWAY.SEATS (SEAT_ID,SEAT_NUMBER,COMPARTMENT_ID,CARRIAGE_ID) values ('96','6','8','4569275');
Insert into RAILWAY.SEATS (SEAT_ID,SEAT_NUMBER,COMPARTMENT_ID,CARRIAGE_ID) values ('97','1','1','4569276');
Insert into RAILWAY.SEATS (SEAT_ID,SEAT_NUMBER,COMPARTMENT_ID,CARRIAGE_ID) values ('98','2','1','4569276');
Insert into RAILWAY.SEATS (SEAT_ID,SEAT_NUMBER,COMPARTMENT_ID,CARRIAGE_ID) values ('99','3','1','4569276');
Insert into RAILWAY.SEATS (SEAT_ID,SEAT_NUMBER,COMPARTMENT_ID,CARRIAGE_ID) values ('100','4','1','4569276');
Insert into RAILWAY.SEATS (SEAT_ID,SEAT_NUMBER,COMPARTMENT_ID,CARRIAGE_ID) values ('101','5','1','4569276');
Insert into RAILWAY.SEATS (SEAT_ID,SEAT_NUMBER,COMPARTMENT_ID,CARRIAGE_ID) values ('102','6','1','4569276');
Insert into RAILWAY.SEATS (SEAT_ID,SEAT_NUMBER,COMPARTMENT_ID,CARRIAGE_ID) values ('103','1','2','4569276');
Insert into RAILWAY.SEATS (SEAT_ID,SEAT_NUMBER,COMPARTMENT_ID,CARRIAGE_ID) values ('104','2','2','4569276');
Insert into RAILWAY.SEATS (SEAT_ID,SEAT_NUMBER,COMPARTMENT_ID,CARRIAGE_ID) values ('105','3','2','4569276');
Insert into RAILWAY.SEATS (SEAT_ID,SEAT_NUMBER,COMPARTMENT_ID,CARRIAGE_ID) values ('106','4','2','4569276');
Insert into RAILWAY.SEATS (SEAT_ID,SEAT_NUMBER,COMPARTMENT_ID,CARRIAGE_ID) values ('107','5','2','4569276');
Insert into RAILWAY.SEATS (SEAT_ID,SEAT_NUMBER,COMPARTMENT_ID,CARRIAGE_ID) values ('108','6','2','4569276');
Insert into RAILWAY.SEATS (SEAT_ID,SEAT_NUMBER,COMPARTMENT_ID,CARRIAGE_ID) values ('109','1','3','4569276');
Insert into RAILWAY.SEATS (SEAT_ID,SEAT_NUMBER,COMPARTMENT_ID,CARRIAGE_ID) values ('110','2','3','4569276');
Insert into RAILWAY.SEATS (SEAT_ID,SEAT_NUMBER,COMPARTMENT_ID,CARRIAGE_ID) values ('111','3','3','4569276');
Insert into RAILWAY.SEATS (SEAT_ID,SEAT_NUMBER,COMPARTMENT_ID,CARRIAGE_ID) values ('112','4','3','4569276');
Insert into RAILWAY.SEATS (SEAT_ID,SEAT_NUMBER,COMPARTMENT_ID,CARRIAGE_ID) values ('113','5','3','4569276');
Insert into RAILWAY.SEATS (SEAT_ID,SEAT_NUMBER,COMPARTMENT_ID,CARRIAGE_ID) values ('114','6','3','4569276');
Insert into RAILWAY.SEATS (SEAT_ID,SEAT_NUMBER,COMPARTMENT_ID,CARRIAGE_ID) values ('115','1','4','4569276');
Insert into RAILWAY.SEATS (SEAT_ID,SEAT_NUMBER,COMPARTMENT_ID,CARRIAGE_ID) values ('116','2','4','4569276');
Insert into RAILWAY.SEATS (SEAT_ID,SEAT_NUMBER,COMPARTMENT_ID,CARRIAGE_ID) values ('117','3','4','4569276');
Insert into RAILWAY.SEATS (SEAT_ID,SEAT_NUMBER,COMPARTMENT_ID,CARRIAGE_ID) values ('118','4','4','4569276');
Insert into RAILWAY.SEATS (SEAT_ID,SEAT_NUMBER,COMPARTMENT_ID,CARRIAGE_ID) values ('119','5','4','4569276');
Insert into RAILWAY.SEATS (SEAT_ID,SEAT_NUMBER,COMPARTMENT_ID,CARRIAGE_ID) values ('120','6','4','4569276');
Insert into RAILWAY.SEATS (SEAT_ID,SEAT_NUMBER,COMPARTMENT_ID,CARRIAGE_ID) values ('121','1','5','4569276');
Insert into RAILWAY.SEATS (SEAT_ID,SEAT_NUMBER,COMPARTMENT_ID,CARRIAGE_ID) values ('122','2','5','4569276');
Insert into RAILWAY.SEATS (SEAT_ID,SEAT_NUMBER,COMPARTMENT_ID,CARRIAGE_ID) values ('123','3','5','4569276');
Insert into RAILWAY.SEATS (SEAT_ID,SEAT_NUMBER,COMPARTMENT_ID,CARRIAGE_ID) values ('124','4','5','4569276');
Insert into RAILWAY.SEATS (SEAT_ID,SEAT_NUMBER,COMPARTMENT_ID,CARRIAGE_ID) values ('125','5','5','4569276');
Insert into RAILWAY.SEATS (SEAT_ID,SEAT_NUMBER,COMPARTMENT_ID,CARRIAGE_ID) values ('126','6','5','4569276');
Insert into RAILWAY.SEATS (SEAT_ID,SEAT_NUMBER,COMPARTMENT_ID,CARRIAGE_ID) values ('127','1','6','4569276');
Insert into RAILWAY.SEATS (SEAT_ID,SEAT_NUMBER,COMPARTMENT_ID,CARRIAGE_ID) values ('128','2','6','4569276');
Insert into RAILWAY.SEATS (SEAT_ID,SEAT_NUMBER,COMPARTMENT_ID,CARRIAGE_ID) values ('129','3','6','4569276');
Insert into RAILWAY.SEATS (SEAT_ID,SEAT_NUMBER,COMPARTMENT_ID,CARRIAGE_ID) values ('130','4','6','4569276');
Insert into RAILWAY.SEATS (SEAT_ID,SEAT_NUMBER,COMPARTMENT_ID,CARRIAGE_ID) values ('131','5','6','4569276');
Insert into RAILWAY.SEATS (SEAT_ID,SEAT_NUMBER,COMPARTMENT_ID,CARRIAGE_ID) values ('132','6','6','4569276');
Insert into RAILWAY.SEATS (SEAT_ID,SEAT_NUMBER,COMPARTMENT_ID,CARRIAGE_ID) values ('133','1','7','4569276');
Insert into RAILWAY.SEATS (SEAT_ID,SEAT_NUMBER,COMPARTMENT_ID,CARRIAGE_ID) values ('134','2','7','4569276');
Insert into RAILWAY.SEATS (SEAT_ID,SEAT_NUMBER,COMPARTMENT_ID,CARRIAGE_ID) values ('135','3','7','4569276');
Insert into RAILWAY.SEATS (SEAT_ID,SEAT_NUMBER,COMPARTMENT_ID,CARRIAGE_ID) values ('136','4','7','4569276');
Insert into RAILWAY.SEATS (SEAT_ID,SEAT_NUMBER,COMPARTMENT_ID,CARRIAGE_ID) values ('137','5','7','4569276');
Insert into RAILWAY.SEATS (SEAT_ID,SEAT_NUMBER,COMPARTMENT_ID,CARRIAGE_ID) values ('138','6','7','4569276');
Insert into RAILWAY.SEATS (SEAT_ID,SEAT_NUMBER,COMPARTMENT_ID,CARRIAGE_ID) values ('139','1','8','4569276');
Insert into RAILWAY.SEATS (SEAT_ID,SEAT_NUMBER,COMPARTMENT_ID,CARRIAGE_ID) values ('140','2','8','4569276');
Insert into RAILWAY.SEATS (SEAT_ID,SEAT_NUMBER,COMPARTMENT_ID,CARRIAGE_ID) values ('141','3','8','4569276');
Insert into RAILWAY.SEATS (SEAT_ID,SEAT_NUMBER,COMPARTMENT_ID,CARRIAGE_ID) values ('142','4','8','4569276');
Insert into RAILWAY.SEATS (SEAT_ID,SEAT_NUMBER,COMPARTMENT_ID,CARRIAGE_ID) values ('143','5','8','4569276');
Insert into RAILWAY.SEATS (SEAT_ID,SEAT_NUMBER,COMPARTMENT_ID,CARRIAGE_ID) values ('144','6','8','4569276');
Insert into RAILWAY.SEATS (SEAT_ID,SEAT_NUMBER,COMPARTMENT_ID,CARRIAGE_ID) values ('145','1','1','4569277');
Insert into RAILWAY.SEATS (SEAT_ID,SEAT_NUMBER,COMPARTMENT_ID,CARRIAGE_ID) values ('146','2','1','4569277');
Insert into RAILWAY.SEATS (SEAT_ID,SEAT_NUMBER,COMPARTMENT_ID,CARRIAGE_ID) values ('147','3','1','4569277');
Insert into RAILWAY.SEATS (SEAT_ID,SEAT_NUMBER,COMPARTMENT_ID,CARRIAGE_ID) values ('148','4','1','4569277');
Insert into RAILWAY.SEATS (SEAT_ID,SEAT_NUMBER,COMPARTMENT_ID,CARRIAGE_ID) values ('149','5','1','4569277');
Insert into RAILWAY.SEATS (SEAT_ID,SEAT_NUMBER,COMPARTMENT_ID,CARRIAGE_ID) values ('150','6','1','4569277');
Insert into RAILWAY.SEATS (SEAT_ID,SEAT_NUMBER,COMPARTMENT_ID,CARRIAGE_ID) values ('151','1','2','4569277');
Insert into RAILWAY.SEATS (SEAT_ID,SEAT_NUMBER,COMPARTMENT_ID,CARRIAGE_ID) values ('152','2','2','4569277');
Insert into RAILWAY.SEATS (SEAT_ID,SEAT_NUMBER,COMPARTMENT_ID,CARRIAGE_ID) values ('153','3','2','4569277');
Insert into RAILWAY.SEATS (SEAT_ID,SEAT_NUMBER,COMPARTMENT_ID,CARRIAGE_ID) values ('154','4','2','4569277');
Insert into RAILWAY.SEATS (SEAT_ID,SEAT_NUMBER,COMPARTMENT_ID,CARRIAGE_ID) values ('155','5','2','4569277');
Insert into RAILWAY.SEATS (SEAT_ID,SEAT_NUMBER,COMPARTMENT_ID,CARRIAGE_ID) values ('156','6','2','4569277');
Insert into RAILWAY.SEATS (SEAT_ID,SEAT_NUMBER,COMPARTMENT_ID,CARRIAGE_ID) values ('157','1','3','4569277');
Insert into RAILWAY.SEATS (SEAT_ID,SEAT_NUMBER,COMPARTMENT_ID,CARRIAGE_ID) values ('158','2','3','4569277');
Insert into RAILWAY.SEATS (SEAT_ID,SEAT_NUMBER,COMPARTMENT_ID,CARRIAGE_ID) values ('159','3','3','4569277');
Insert into RAILWAY.SEATS (SEAT_ID,SEAT_NUMBER,COMPARTMENT_ID,CARRIAGE_ID) values ('160','4','3','4569277');
Insert into RAILWAY.SEATS (SEAT_ID,SEAT_NUMBER,COMPARTMENT_ID,CARRIAGE_ID) values ('161','5','3','4569277');
Insert into RAILWAY.SEATS (SEAT_ID,SEAT_NUMBER,COMPARTMENT_ID,CARRIAGE_ID) values ('162','6','3','4569277');
Insert into RAILWAY.SEATS (SEAT_ID,SEAT_NUMBER,COMPARTMENT_ID,CARRIAGE_ID) values ('163','1','4','4569277');
Insert into RAILWAY.SEATS (SEAT_ID,SEAT_NUMBER,COMPARTMENT_ID,CARRIAGE_ID) values ('164','2','4','4569277');
Insert into RAILWAY.SEATS (SEAT_ID,SEAT_NUMBER,COMPARTMENT_ID,CARRIAGE_ID) values ('165','3','4','4569277');
Insert into RAILWAY.SEATS (SEAT_ID,SEAT_NUMBER,COMPARTMENT_ID,CARRIAGE_ID) values ('166','4','4','4569277');
Insert into RAILWAY.SEATS (SEAT_ID,SEAT_NUMBER,COMPARTMENT_ID,CARRIAGE_ID) values ('167','5','4','4569277');
Insert into RAILWAY.SEATS (SEAT_ID,SEAT_NUMBER,COMPARTMENT_ID,CARRIAGE_ID) values ('168','6','4','4569277');
Insert into RAILWAY.SEATS (SEAT_ID,SEAT_NUMBER,COMPARTMENT_ID,CARRIAGE_ID) values ('169','1','5','4569277');
Insert into RAILWAY.SEATS (SEAT_ID,SEAT_NUMBER,COMPARTMENT_ID,CARRIAGE_ID) values ('170','2','5','4569277');
Insert into RAILWAY.SEATS (SEAT_ID,SEAT_NUMBER,COMPARTMENT_ID,CARRIAGE_ID) values ('171','3','5','4569277');
Insert into RAILWAY.SEATS (SEAT_ID,SEAT_NUMBER,COMPARTMENT_ID,CARRIAGE_ID) values ('172','4','5','4569277');
Insert into RAILWAY.SEATS (SEAT_ID,SEAT_NUMBER,COMPARTMENT_ID,CARRIAGE_ID) values ('173','5','5','4569277');
Insert into RAILWAY.SEATS (SEAT_ID,SEAT_NUMBER,COMPARTMENT_ID,CARRIAGE_ID) values ('174','6','5','4569277');
Insert into RAILWAY.SEATS (SEAT_ID,SEAT_NUMBER,COMPARTMENT_ID,CARRIAGE_ID) values ('175','1','6','4569277');
Insert into RAILWAY.SEATS (SEAT_ID,SEAT_NUMBER,COMPARTMENT_ID,CARRIAGE_ID) values ('176','2','6','4569277');
Insert into RAILWAY.SEATS (SEAT_ID,SEAT_NUMBER,COMPARTMENT_ID,CARRIAGE_ID) values ('177','3','6','4569277');
Insert into RAILWAY.SEATS (SEAT_ID,SEAT_NUMBER,COMPARTMENT_ID,CARRIAGE_ID) values ('178','4','6','4569277');
Insert into RAILWAY.SEATS (SEAT_ID,SEAT_NUMBER,COMPARTMENT_ID,CARRIAGE_ID) values ('179','5','6','4569277');
Insert into RAILWAY.SEATS (SEAT_ID,SEAT_NUMBER,COMPARTMENT_ID,CARRIAGE_ID) values ('180','6','6','4569277');
Insert into RAILWAY.SEATS (SEAT_ID,SEAT_NUMBER,COMPARTMENT_ID,CARRIAGE_ID) values ('181','1','7','4569277');
Insert into RAILWAY.SEATS (SEAT_ID,SEAT_NUMBER,COMPARTMENT_ID,CARRIAGE_ID) values ('182','2','7','4569277');
Insert into RAILWAY.SEATS (SEAT_ID,SEAT_NUMBER,COMPARTMENT_ID,CARRIAGE_ID) values ('183','3','7','4569277');
Insert into RAILWAY.SEATS (SEAT_ID,SEAT_NUMBER,COMPARTMENT_ID,CARRIAGE_ID) values ('184','4','7','4569277');
Insert into RAILWAY.SEATS (SEAT_ID,SEAT_NUMBER,COMPARTMENT_ID,CARRIAGE_ID) values ('185','5','7','4569277');
Insert into RAILWAY.SEATS (SEAT_ID,SEAT_NUMBER,COMPARTMENT_ID,CARRIAGE_ID) values ('186','6','7','4569277');
Insert into RAILWAY.SEATS (SEAT_ID,SEAT_NUMBER,COMPARTMENT_ID,CARRIAGE_ID) values ('187','1','8','4569277');
Insert into RAILWAY.SEATS (SEAT_ID,SEAT_NUMBER,COMPARTMENT_ID,CARRIAGE_ID) values ('188','2','8','4569277');
Insert into RAILWAY.SEATS (SEAT_ID,SEAT_NUMBER,COMPARTMENT_ID,CARRIAGE_ID) values ('189','3','8','4569277');
Insert into RAILWAY.SEATS (SEAT_ID,SEAT_NUMBER,COMPARTMENT_ID,CARRIAGE_ID) values ('190','4','8','4569277');
Insert into RAILWAY.SEATS (SEAT_ID,SEAT_NUMBER,COMPARTMENT_ID,CARRIAGE_ID) values ('191','5','8','4569277');
Insert into RAILWAY.SEATS (SEAT_ID,SEAT_NUMBER,COMPARTMENT_ID,CARRIAGE_ID) values ('192','6','8','4569277');
Insert into RAILWAY.SEATS (SEAT_ID,SEAT_NUMBER,COMPARTMENT_ID,CARRIAGE_ID) values ('193','1','1','4569278');
Insert into RAILWAY.SEATS (SEAT_ID,SEAT_NUMBER,COMPARTMENT_ID,CARRIAGE_ID) values ('194','2','1','4569278');
Insert into RAILWAY.SEATS (SEAT_ID,SEAT_NUMBER,COMPARTMENT_ID,CARRIAGE_ID) values ('195','3','1','4569278');
Insert into RAILWAY.SEATS (SEAT_ID,SEAT_NUMBER,COMPARTMENT_ID,CARRIAGE_ID) values ('196','4','1','4569278');
Insert into RAILWAY.SEATS (SEAT_ID,SEAT_NUMBER,COMPARTMENT_ID,CARRIAGE_ID) values ('197','5','1','4569278');
Insert into RAILWAY.SEATS (SEAT_ID,SEAT_NUMBER,COMPARTMENT_ID,CARRIAGE_ID) values ('198','6','1','4569278');
Insert into RAILWAY.SEATS (SEAT_ID,SEAT_NUMBER,COMPARTMENT_ID,CARRIAGE_ID) values ('199','1','2','4569278');
Insert into RAILWAY.SEATS (SEAT_ID,SEAT_NUMBER,COMPARTMENT_ID,CARRIAGE_ID) values ('200','2','2','4569278');
Insert into RAILWAY.SEATS (SEAT_ID,SEAT_NUMBER,COMPARTMENT_ID,CARRIAGE_ID) values ('201','3','2','4569278');
Insert into RAILWAY.SEATS (SEAT_ID,SEAT_NUMBER,COMPARTMENT_ID,CARRIAGE_ID) values ('202','4','2','4569278');
Insert into RAILWAY.SEATS (SEAT_ID,SEAT_NUMBER,COMPARTMENT_ID,CARRIAGE_ID) values ('203','5','2','4569278');
Insert into RAILWAY.SEATS (SEAT_ID,SEAT_NUMBER,COMPARTMENT_ID,CARRIAGE_ID) values ('204','6','2','4569278');
Insert into RAILWAY.SEATS (SEAT_ID,SEAT_NUMBER,COMPARTMENT_ID,CARRIAGE_ID) values ('205','1','3','4569278');
Insert into RAILWAY.SEATS (SEAT_ID,SEAT_NUMBER,COMPARTMENT_ID,CARRIAGE_ID) values ('206','2','3','4569278');
Insert into RAILWAY.SEATS (SEAT_ID,SEAT_NUMBER,COMPARTMENT_ID,CARRIAGE_ID) values ('207','3','3','4569278');
Insert into RAILWAY.SEATS (SEAT_ID,SEAT_NUMBER,COMPARTMENT_ID,CARRIAGE_ID) values ('208','4','3','4569278');
Insert into RAILWAY.SEATS (SEAT_ID,SEAT_NUMBER,COMPARTMENT_ID,CARRIAGE_ID) values ('209','5','3','4569278');
Insert into RAILWAY.SEATS (SEAT_ID,SEAT_NUMBER,COMPARTMENT_ID,CARRIAGE_ID) values ('210','6','3','4569278');
Insert into RAILWAY.SEATS (SEAT_ID,SEAT_NUMBER,COMPARTMENT_ID,CARRIAGE_ID) values ('211','1','4','4569278');
Insert into RAILWAY.SEATS (SEAT_ID,SEAT_NUMBER,COMPARTMENT_ID,CARRIAGE_ID) values ('212','2','4','4569278');
Insert into RAILWAY.SEATS (SEAT_ID,SEAT_NUMBER,COMPARTMENT_ID,CARRIAGE_ID) values ('213','3','4','4569278');
Insert into RAILWAY.SEATS (SEAT_ID,SEAT_NUMBER,COMPARTMENT_ID,CARRIAGE_ID) values ('214','4','4','4569278');
Insert into RAILWAY.SEATS (SEAT_ID,SEAT_NUMBER,COMPARTMENT_ID,CARRIAGE_ID) values ('215','5','4','4569278');
Insert into RAILWAY.SEATS (SEAT_ID,SEAT_NUMBER,COMPARTMENT_ID,CARRIAGE_ID) values ('216','6','4','4569278');
Insert into RAILWAY.SEATS (SEAT_ID,SEAT_NUMBER,COMPARTMENT_ID,CARRIAGE_ID) values ('217','1','5','4569278');
Insert into RAILWAY.SEATS (SEAT_ID,SEAT_NUMBER,COMPARTMENT_ID,CARRIAGE_ID) values ('218','2','5','4569278');
Insert into RAILWAY.SEATS (SEAT_ID,SEAT_NUMBER,COMPARTMENT_ID,CARRIAGE_ID) values ('219','3','5','4569278');
Insert into RAILWAY.SEATS (SEAT_ID,SEAT_NUMBER,COMPARTMENT_ID,CARRIAGE_ID) values ('220','4','5','4569278');
Insert into RAILWAY.SEATS (SEAT_ID,SEAT_NUMBER,COMPARTMENT_ID,CARRIAGE_ID) values ('221','5','5','4569278');
Insert into RAILWAY.SEATS (SEAT_ID,SEAT_NUMBER,COMPARTMENT_ID,CARRIAGE_ID) values ('222','6','5','4569278');
Insert into RAILWAY.SEATS (SEAT_ID,SEAT_NUMBER,COMPARTMENT_ID,CARRIAGE_ID) values ('223','1','6','4569278');
Insert into RAILWAY.SEATS (SEAT_ID,SEAT_NUMBER,COMPARTMENT_ID,CARRIAGE_ID) values ('224','2','6','4569278');
Insert into RAILWAY.SEATS (SEAT_ID,SEAT_NUMBER,COMPARTMENT_ID,CARRIAGE_ID) values ('225','3','6','4569278');
Insert into RAILWAY.SEATS (SEAT_ID,SEAT_NUMBER,COMPARTMENT_ID,CARRIAGE_ID) values ('226','4','6','4569278');
Insert into RAILWAY.SEATS (SEAT_ID,SEAT_NUMBER,COMPARTMENT_ID,CARRIAGE_ID) values ('227','5','6','4569278');
Insert into RAILWAY.SEATS (SEAT_ID,SEAT_NUMBER,COMPARTMENT_ID,CARRIAGE_ID) values ('228','6','6','4569278');
Insert into RAILWAY.SEATS (SEAT_ID,SEAT_NUMBER,COMPARTMENT_ID,CARRIAGE_ID) values ('229','1','7','4569278');
Insert into RAILWAY.SEATS (SEAT_ID,SEAT_NUMBER,COMPARTMENT_ID,CARRIAGE_ID) values ('230','2','7','4569278');
Insert into RAILWAY.SEATS (SEAT_ID,SEAT_NUMBER,COMPARTMENT_ID,CARRIAGE_ID) values ('231','3','7','4569278');
Insert into RAILWAY.SEATS (SEAT_ID,SEAT_NUMBER,COMPARTMENT_ID,CARRIAGE_ID) values ('232','4','7','4569278');
Insert into RAILWAY.SEATS (SEAT_ID,SEAT_NUMBER,COMPARTMENT_ID,CARRIAGE_ID) values ('233','5','7','4569278');
Insert into RAILWAY.SEATS (SEAT_ID,SEAT_NUMBER,COMPARTMENT_ID,CARRIAGE_ID) values ('234','6','7','4569278');
Insert into RAILWAY.SEATS (SEAT_ID,SEAT_NUMBER,COMPARTMENT_ID,CARRIAGE_ID) values ('235','1','8','4569278');
Insert into RAILWAY.SEATS (SEAT_ID,SEAT_NUMBER,COMPARTMENT_ID,CARRIAGE_ID) values ('236','2','8','4569278');
Insert into RAILWAY.SEATS (SEAT_ID,SEAT_NUMBER,COMPARTMENT_ID,CARRIAGE_ID) values ('237','3','8','4569278');
Insert into RAILWAY.SEATS (SEAT_ID,SEAT_NUMBER,COMPARTMENT_ID,CARRIAGE_ID) values ('238','4','8','4569278');
Insert into RAILWAY.SEATS (SEAT_ID,SEAT_NUMBER,COMPARTMENT_ID,CARRIAGE_ID) values ('239','5','8','4569278');
Insert into RAILWAY.SEATS (SEAT_ID,SEAT_NUMBER,COMPARTMENT_ID,CARRIAGE_ID) values ('240','6','8','4569278');
Insert into RAILWAY.SEATS (SEAT_ID,SEAT_NUMBER,COMPARTMENT_ID,CARRIAGE_ID) values ('241','1','1','4569279');
Insert into RAILWAY.SEATS (SEAT_ID,SEAT_NUMBER,COMPARTMENT_ID,CARRIAGE_ID) values ('242','2','1','4569279');
Insert into RAILWAY.SEATS (SEAT_ID,SEAT_NUMBER,COMPARTMENT_ID,CARRIAGE_ID) values ('243','3','1','4569279');
Insert into RAILWAY.SEATS (SEAT_ID,SEAT_NUMBER,COMPARTMENT_ID,CARRIAGE_ID) values ('244','4','1','4569279');
Insert into RAILWAY.SEATS (SEAT_ID,SEAT_NUMBER,COMPARTMENT_ID,CARRIAGE_ID) values ('245','5','1','4569279');
Insert into RAILWAY.SEATS (SEAT_ID,SEAT_NUMBER,COMPARTMENT_ID,CARRIAGE_ID) values ('246','6','1','4569279');
Insert into RAILWAY.SEATS (SEAT_ID,SEAT_NUMBER,COMPARTMENT_ID,CARRIAGE_ID) values ('247','1','2','4569279');
Insert into RAILWAY.SEATS (SEAT_ID,SEAT_NUMBER,COMPARTMENT_ID,CARRIAGE_ID) values ('248','2','2','4569279');
Insert into RAILWAY.SEATS (SEAT_ID,SEAT_NUMBER,COMPARTMENT_ID,CARRIAGE_ID) values ('249','3','2','4569279');
Insert into RAILWAY.SEATS (SEAT_ID,SEAT_NUMBER,COMPARTMENT_ID,CARRIAGE_ID) values ('250','4','2','4569279');
Insert into RAILWAY.SEATS (SEAT_ID,SEAT_NUMBER,COMPARTMENT_ID,CARRIAGE_ID) values ('251','5','2','4569279');
Insert into RAILWAY.SEATS (SEAT_ID,SEAT_NUMBER,COMPARTMENT_ID,CARRIAGE_ID) values ('252','6','2','4569279');
Insert into RAILWAY.SEATS (SEAT_ID,SEAT_NUMBER,COMPARTMENT_ID,CARRIAGE_ID) values ('253','1','3','4569279');
Insert into RAILWAY.SEATS (SEAT_ID,SEAT_NUMBER,COMPARTMENT_ID,CARRIAGE_ID) values ('254','2','3','4569279');
Insert into RAILWAY.SEATS (SEAT_ID,SEAT_NUMBER,COMPARTMENT_ID,CARRIAGE_ID) values ('255','3','3','4569279');
Insert into RAILWAY.SEATS (SEAT_ID,SEAT_NUMBER,COMPARTMENT_ID,CARRIAGE_ID) values ('256','4','3','4569279');
Insert into RAILWAY.SEATS (SEAT_ID,SEAT_NUMBER,COMPARTMENT_ID,CARRIAGE_ID) values ('257','5','3','4569279');
Insert into RAILWAY.SEATS (SEAT_ID,SEAT_NUMBER,COMPARTMENT_ID,CARRIAGE_ID) values ('258','6','3','4569279');
Insert into RAILWAY.SEATS (SEAT_ID,SEAT_NUMBER,COMPARTMENT_ID,CARRIAGE_ID) values ('259','1','4','4569279');
Insert into RAILWAY.SEATS (SEAT_ID,SEAT_NUMBER,COMPARTMENT_ID,CARRIAGE_ID) values ('260','2','4','4569279');
Insert into RAILWAY.SEATS (SEAT_ID,SEAT_NUMBER,COMPARTMENT_ID,CARRIAGE_ID) values ('261','3','4','4569279');
Insert into RAILWAY.SEATS (SEAT_ID,SEAT_NUMBER,COMPARTMENT_ID,CARRIAGE_ID) values ('262','4','4','4569279');
Insert into RAILWAY.SEATS (SEAT_ID,SEAT_NUMBER,COMPARTMENT_ID,CARRIAGE_ID) values ('263','5','4','4569279');
Insert into RAILWAY.SEATS (SEAT_ID,SEAT_NUMBER,COMPARTMENT_ID,CARRIAGE_ID) values ('264','6','4','4569279');
Insert into RAILWAY.SEATS (SEAT_ID,SEAT_NUMBER,COMPARTMENT_ID,CARRIAGE_ID) values ('265','1','5','4569279');
Insert into RAILWAY.SEATS (SEAT_ID,SEAT_NUMBER,COMPARTMENT_ID,CARRIAGE_ID) values ('266','2','5','4569279');
Insert into RAILWAY.SEATS (SEAT_ID,SEAT_NUMBER,COMPARTMENT_ID,CARRIAGE_ID) values ('267','3','5','4569279');
Insert into RAILWAY.SEATS (SEAT_ID,SEAT_NUMBER,COMPARTMENT_ID,CARRIAGE_ID) values ('268','4','5','4569279');
Insert into RAILWAY.SEATS (SEAT_ID,SEAT_NUMBER,COMPARTMENT_ID,CARRIAGE_ID) values ('269','5','5','4569279');
Insert into RAILWAY.SEATS (SEAT_ID,SEAT_NUMBER,COMPARTMENT_ID,CARRIAGE_ID) values ('270','6','5','4569279');
Insert into RAILWAY.SEATS (SEAT_ID,SEAT_NUMBER,COMPARTMENT_ID,CARRIAGE_ID) values ('271','1','6','4569279');
Insert into RAILWAY.SEATS (SEAT_ID,SEAT_NUMBER,COMPARTMENT_ID,CARRIAGE_ID) values ('272','2','6','4569279');
Insert into RAILWAY.SEATS (SEAT_ID,SEAT_NUMBER,COMPARTMENT_ID,CARRIAGE_ID) values ('273','3','6','4569279');
Insert into RAILWAY.SEATS (SEAT_ID,SEAT_NUMBER,COMPARTMENT_ID,CARRIAGE_ID) values ('274','4','6','4569279');
Insert into RAILWAY.SEATS (SEAT_ID,SEAT_NUMBER,COMPARTMENT_ID,CARRIAGE_ID) values ('275','5','6','4569279');
Insert into RAILWAY.SEATS (SEAT_ID,SEAT_NUMBER,COMPARTMENT_ID,CARRIAGE_ID) values ('276','6','6','4569279');
Insert into RAILWAY.SEATS (SEAT_ID,SEAT_NUMBER,COMPARTMENT_ID,CARRIAGE_ID) values ('277','1','7','4569279');
Insert into RAILWAY.SEATS (SEAT_ID,SEAT_NUMBER,COMPARTMENT_ID,CARRIAGE_ID) values ('278','2','7','4569279');
Insert into RAILWAY.SEATS (SEAT_ID,SEAT_NUMBER,COMPARTMENT_ID,CARRIAGE_ID) values ('279','3','7','4569279');
Insert into RAILWAY.SEATS (SEAT_ID,SEAT_NUMBER,COMPARTMENT_ID,CARRIAGE_ID) values ('280','4','7','4569279');
Insert into RAILWAY.SEATS (SEAT_ID,SEAT_NUMBER,COMPARTMENT_ID,CARRIAGE_ID) values ('281','5','7','4569279');
Insert into RAILWAY.SEATS (SEAT_ID,SEAT_NUMBER,COMPARTMENT_ID,CARRIAGE_ID) values ('282','6','7','4569279');
Insert into RAILWAY.SEATS (SEAT_ID,SEAT_NUMBER,COMPARTMENT_ID,CARRIAGE_ID) values ('283','1','8','4569279');
Insert into RAILWAY.SEATS (SEAT_ID,SEAT_NUMBER,COMPARTMENT_ID,CARRIAGE_ID) values ('284','2','8','4569279');
Insert into RAILWAY.SEATS (SEAT_ID,SEAT_NUMBER,COMPARTMENT_ID,CARRIAGE_ID) values ('285','3','8','4569279');
Insert into RAILWAY.SEATS (SEAT_ID,SEAT_NUMBER,COMPARTMENT_ID,CARRIAGE_ID) values ('286','4','8','4569279');
Insert into RAILWAY.SEATS (SEAT_ID,SEAT_NUMBER,COMPARTMENT_ID,CARRIAGE_ID) values ('287','5','8','4569279');
Insert into RAILWAY.SEATS (SEAT_ID,SEAT_NUMBER,COMPARTMENT_ID,CARRIAGE_ID) values ('288','6','8','4569279');
REM INSERTING into RAILWAY.STATIONS
SET DEFINE OFF;
Insert into RAILWAY.STATIONS (STATION_ID,NAME,CITY,ADDRESS) values ('1','Krakow Glowny','Krakow','Pawia 5a, 30-001 Krakow');
Insert into RAILWAY.STATIONS (STATION_ID,NAME,CITY,ADDRESS) values ('2','Warszawa Centralna','Warszawa','Aleje Jerozolimskie 54, 00-001 Warszawa');
Insert into RAILWAY.STATIONS (STATION_ID,NAME,CITY,ADDRESS) values ('3','Gdansk Glowny','Gdansk','Podwale Grodzkie 1, 80-001 Gdansk');
REM INSERTING into RAILWAY.TICKETS
SET DEFINE OFF;
REM INSERTING into RAILWAY.TRAINS
SET DEFINE OFF;
Insert into RAILWAY.TRAINS (TRAIN_ID) values ('1');
REM INSERTING into RAILWAY.UNUSED_ID
SET DEFINE OFF;
REM INSERTING into RAILWAY.USERS
SET DEFINE OFF;
Insert into RAILWAY.USERS (USER_ID,NAME,LAST_NAME,EMAIL,ADDRESS,DATE_OF_REGISTRATION,PASSWORD,PHONE_NUMBER,STATUS) values ('9','Jan','Kowalski','jkowal@gmail.com','qwertyuiop',to_date('16/12/20','RR/MM/DD'),'llIYlkzIQO8QAwVRrxG8ouhDs96Cdcbs/GZ8dpOTRA0=$IRRJq5upVehkudvRBmU9zjBNzwqAdjk33FR/eo1Vqws=','123-456-789','user');
Insert into RAILWAY.USERS (USER_ID,NAME,LAST_NAME,EMAIL,ADDRESS,DATE_OF_REGISTRATION,PASSWORD,PHONE_NUMBER,STATUS) values ('3','Zbyszek','Wodecki','zw@gmail.com','Garncarska 48 Poznan',to_date('15/08/08','RR/MM/DD'),'Jmb8K3jL0aIxrsWadTruavBqja1owrJcnrpd5aC9Cv0=$FW7OyLpl+4GE+sF8E6L+MuSvpex+o8tJCKODgtQf5PI=','555-555-555','user');
Insert into RAILWAY.USERS (USER_ID,NAME,LAST_NAME,EMAIL,ADDRESS,DATE_OF_REGISTRATION,PASSWORD,PHONE_NUMBER,STATUS) values ('12','Jan','Wolny','jwolny@gmail.com','qwertyuiop',to_date('16/12/26','RR/MM/DD'),'CWYqOqlRTozLvEY0l76kDpdFwZiHLTkI08wzI3nzuQU=$dKS8vTi8vO9Oft7TGCxwKhtlH2vgOkbSfHnWycgpKGE=','123-624-536','user');
Insert into RAILWAY.USERS (USER_ID,NAME,LAST_NAME,EMAIL,ADDRESS,DATE_OF_REGISTRATION,PASSWORD,PHONE_NUMBER,STATUS) values ('5','j','k','jk@gmail.com','qq',to_date('16/12/17','RR/MM/DD'),'Jmb8K3jL0aIxrsWadTruavBqja1owrJcnrpd5aC9Cv0=$FW7OyLpl+4GE+sF8E6L+MuSvpex+o8tJCKODgtQf5PI=','qq','user');
Insert into RAILWAY.USERS (USER_ID,NAME,LAST_NAME,EMAIL,ADDRESS,DATE_OF_REGISTRATION,PASSWORD,PHONE_NUMBER,STATUS) values ('6','Marcin','Pancerz','marcin2523@o2.pl','Wodna 45 Krakow',to_date('16/12/17','RR/MM/DD'),'yWa30qQRJgKYdifVpFEg8bBqlLC5n7LHsw2TmLlh7uY=$hCmqePeb8KkAUQ0PV/hyRHNJkYIbdCvscDMc/x+AVQ4=','884-555-999','user');
Insert into RAILWAY.USERS (USER_ID,NAME,LAST_NAME,EMAIL,ADDRESS,DATE_OF_REGISTRATION,PASSWORD,PHONE_NUMBER,STATUS) values ('14','Joanna','XYZ','xyz@gmail.com','qwertyuiop',to_date('16/12/26','RR/MM/DD'),'2t3ytbQgSLpu2wgH9XuT1Jp+TPTktwxb/p3o51xiuy0=$VYga3tBJwneObp5b30tTovKP5z9MqtCg6Mod5evamUs=','853-726-294','user');
Insert into RAILWAY.USERS (USER_ID,NAME,LAST_NAME,EMAIL,ADDRESS,DATE_OF_REGISTRATION,PASSWORD,PHONE_NUMBER,STATUS) values ('15','Bozena','Kowalik','bkowalik@gmail.com','qwertyuiop',to_date('16/12/26','RR/MM/DD'),'fEeFZbqySP42FLudlapOnDJoKpKYB9tfyfe628Yy8Js=$M5snTellYOS1UINZiSVuKDJe9b29DWbSUL+67ALh1Is=','152-475-374','user');
Insert into RAILWAY.USERS (USER_ID,NAME,LAST_NAME,EMAIL,ADDRESS,DATE_OF_REGISTRATION,PASSWORD,PHONE_NUMBER,STATUS) values ('17','ddd','ddd','ddd@gmail.com','qwertyuiop',to_date('16/12/26','RR/MM/DD'),'gPXDKst1iLOIcoqtl6DImgmusIMUcQX0zFoJsnaIIqU=$2zUigqkw0uGy/EdMm666mSNDqAzG7/ARLI0NGCqiyxY=','144-432-412','user');
Insert into RAILWAY.USERS (USER_ID,NAME,LAST_NAME,EMAIL,ADDRESS,DATE_OF_REGISTRATION,PASSWORD,PHONE_NUMBER,STATUS) values ('19','kkk','kkk','kkk@gmail.com','qwertyuiop',to_date('16/12/26','RR/MM/DD'),'/5vrZfgyJCFtl+hBfx/Zpotmzv20XW34+5amj5aXFdM=$vjFNd3uvWegacAH7I9z4wgoXayydAz73M6bRo08V638=','65326-5737-529','user');
Insert into RAILWAY.USERS (USER_ID,NAME,LAST_NAME,EMAIL,ADDRESS,DATE_OF_REGISTRATION,PASSWORD,PHONE_NUMBER,STATUS) values ('20','ddd','d','d1@gmail.com','qwertyuiop',to_date('16/12/26','RR/MM/DD'),'TlI7iXHFlb4simAdYSi8eMvf9jL4ckAoivCApgVg27A=$qIdOwVKKqS/CE178dv/N2RiFfV8gUuh3o0VJ6u/gBuM=','432156528548','user');
Insert into RAILWAY.USERS (USER_ID,NAME,LAST_NAME,EMAIL,ADDRESS,DATE_OF_REGISTRATION,PASSWORD,PHONE_NUMBER,STATUS) values ('21','Maria','Bryk','mbryk@gmail.com','qwertyuiop',to_date('16/12/27','RR/MM/DD'),'PS/jST5EVHDwokE4qqjFrH3oVEBSsyIeIry9A/tZ3LY=$dG0TLGyY99hd34mfFemgGjfiIh+risjhD8TAHSrXPL8=','71552395623','user');
Insert into RAILWAY.USERS (USER_ID,NAME,LAST_NAME,EMAIL,ADDRESS,DATE_OF_REGISTRATION,PASSWORD,PHONE_NUMBER,STATUS) values ('27','jaa','jaa','jaa@gmail.com','qwertyuiop',to_date('16/12/27','RR/MM/DD'),'6cj6cv7fgtwlylzSCr8uHRpb+ytb6sliJKQakfkW960=$B8MR0qeal8F8SGobgGva6VuKybgrdnq1zucGnkgPrAY=','6547835757','user');
Insert into RAILWAY.USERS (USER_ID,NAME,LAST_NAME,EMAIL,ADDRESS,DATE_OF_REGISTRATION,PASSWORD,PHONE_NUMBER,STATUS) values ('29','qw12','qw12','qw12@gmail.com','qwertyuiop',to_date('16/12/27','RR/MM/DD'),'PbiCsOlO3EBAZPy8nEGKIkF20Np9ZPvvkCVOXa4dJG4=$ljRUnI0CO+jG5MdlCrIBjau96KuvPNzqJANuYNLl1Gg=','6546487465','user');
Insert into RAILWAY.USERS (USER_ID,NAME,LAST_NAME,EMAIL,ADDRESS,DATE_OF_REGISTRATION,PASSWORD,PHONE_NUMBER,STATUS) values ('32','stanislaw','m','sm@gmail.com','gfeje',to_date('16/12/27','RR/MM/DD'),'Q0fH9T/Al8MuWLyhj0UxVE1pWy6nB4dukF1et9C3iCY=$dVzUKddSqdx4KKFJPhEtzjvXl7nDONfmifrWaFzDzds=','nfreg','user');
Insert into RAILWAY.USERS (USER_ID,NAME,LAST_NAME,EMAIL,ADDRESS,DATE_OF_REGISTRATION,PASSWORD,PHONE_NUMBER,STATUS) values ('8','Anna','Kowalik','akowalik@gmail.com','Ochocza 37 Skawina',to_date('17/01/05','RR/MM/DD'),'xoE03wfTegAOlhDj95CvnGnhal2dwYbYHhBTJmZ0CCM=$p36+WT07mDUBmxHh5wVdeJBcaJCh7/ikY3pjCXVBmj0=','645-765-345','user');
Insert into RAILWAY.USERS (USER_ID,NAME,LAST_NAME,EMAIL,ADDRESS,DATE_OF_REGISTRATION,PASSWORD,PHONE_NUMBER,STATUS) values ('4','Jan','Kowalski','jkowalski@gmail.com','xyz',to_date('16/12/17','RR/MM/DD'),'hhh','999-999-999','user');
Insert into RAILWAY.USERS (USER_ID,NAME,LAST_NAME,EMAIL,ADDRESS,DATE_OF_REGISTRATION,PASSWORD,PHONE_NUMBER,STATUS) values ('10','Anna','Kmiecik','akmiecik@gmail.com','Topolowa 25 Gdynia',to_date('16/12/21','RR/MM/DD'),'ZRZCVsh0IAifADhF6IWher2TQKr9bwau5C/MPbNZW/I=$sPbqa5TEkaaeQAoIpAk6hlcuiPOawI4XGReyy5drWmo=','831-465-741','user');
Insert into RAILWAY.USERS (USER_ID,NAME,LAST_NAME,EMAIL,ADDRESS,DATE_OF_REGISTRATION,PASSWORD,PHONE_NUMBER,STATUS) values ('11','Anna','Wolna','awolna@gmail.com','qwertyuiop',to_date('16/12/26','RR/MM/DD'),'eGyz5Xyj78ghWzHIEJA6GhQkH9pYfgo8kyULZ5SyZvQ=$sZR12QyCnY8FBIEX8QH3cI46RAUzJYf4ONI2dzw7DJs=','261-596-938','user');
Insert into RAILWAY.USERS (USER_ID,NAME,LAST_NAME,EMAIL,ADDRESS,DATE_OF_REGISTRATION,PASSWORD,PHONE_NUMBER,STATUS) values ('13','Annnna','Pancerz','apancerz@gmail.com','qwertyuiop',to_date('16/12/26','RR/MM/DD'),'1EPm5XORjuReD5a28H+FLzbXuE4I/N11TmdqtNXW+70=$OhKoBzoq/3kic3majZFDuH34onTg9CG8GIUpWf2MkpY=','123-456-789','user');
Insert into RAILWAY.USERS (USER_ID,NAME,LAST_NAME,EMAIL,ADDRESS,DATE_OF_REGISTRATION,PASSWORD,PHONE_NUMBER,STATUS) values ('23','sss','sss','sss@gmail.com','qwertyuiop',to_date('16/12/27','RR/MM/DD'),'uSiOX/I4/UJsBedC0cx3y3MJJAmKoLgwdfihvQ6qses=$h3ovKz9faDU6dtJYQwsTzDcrKDpULo6IcVEEXuNwIQE=','461385612','user');
Insert into RAILWAY.USERS (USER_ID,NAME,LAST_NAME,EMAIL,ADDRESS,DATE_OF_REGISTRATION,PASSWORD,PHONE_NUMBER,STATUS) values ('24','Julian','Nowicki','rrr@gmail.com','Krakowska 56 Warszawa',to_date('16/12/27','RR/MM/DD'),'M5uCnJI9iwo2nfxqrPL7PjmpR5Lrm6eTw9fsO6ArmIQ=$1/zLjzFvfx6tnzMKA+pSvukwOl3w7XO4nH/08F39dYQ=','762-535-217','user');
Insert into RAILWAY.USERS (USER_ID,NAME,LAST_NAME,EMAIL,ADDRESS,DATE_OF_REGISTRATION,PASSWORD,PHONE_NUMBER,STATUS) values ('34','Mateusz','Gawron','mgawron@gmail.com','Kolorowa 16/37 Myslenice',to_date('17/01/05','RR/MM/DD'),'8UhsvXPiGfG3NjsvEP2c8DIDEKSyleS/PLNEpx/d4qo=$q1ZNUoaH0rTM+phqVjlqWLvbX7/MvmaQg9VAOhpuStA=','636-643-643','user');
Insert into RAILWAY.USERS (USER_ID,NAME,LAST_NAME,EMAIL,ADDRESS,DATE_OF_REGISTRATION,PASSWORD,PHONE_NUMBER,STATUS) values ('1','Mikołaj','Kowalski','mkowalski@gmail.com','Poznańska 58 Wrocław',to_date('15/03/17','RR/MM/DD'),'h1Kb7TBxX9vWmLaKsbNZnCn81qBGugakcPgPIjX5DOU=$xAL+PjWjXPMZj6HysRFGx1JKu1PR6CYIsA86+Wxvxjs=','864-946-645','user');
Insert into RAILWAY.USERS (USER_ID,NAME,LAST_NAME,EMAIL,ADDRESS,DATE_OF_REGISTRATION,PASSWORD,PHONE_NUMBER,STATUS) values ('2','Marcin','Kowalski','anowak@gmail.com','Kwiatowa 28 Warszawa',to_date('15/08/16','RR/MM/DD'),'Ie0zM5ZSAoRNzPNMGtSyIZDsa9sMfkY5tlLiOmdgr8M=$VAttu3nG2NrugpY4jpzByG7F986rYPKFqJ0Yysrtq4E=','300-500-800','admin');
Insert into RAILWAY.USERS (USER_ID,NAME,LAST_NAME,EMAIL,ADDRESS,DATE_OF_REGISTRATION,PASSWORD,PHONE_NUMBER,STATUS) values ('7','Anna','Kowalczyk','akowalczyk@o2.pl','Slowackiego 45 Katowice',to_date('16/12/17','RR/MM/DD'),'cRQRXOIl/W2+uyNF85Jf4yCHxYaoP2yMUFaRBICpCag=$LR0+5G9nK/xOnVmiGCtjjmkZfmBnqCou8ZgjS8fJvzg=','882-417-468','user');
Insert into RAILWAY.USERS (USER_ID,NAME,LAST_NAME,EMAIL,ADDRESS,DATE_OF_REGISTRATION,PASSWORD,PHONE_NUMBER,STATUS) values ('16','Alicja','Kwok','akwok@gmail.com','qwertyuiop',to_date('16/12/26','RR/MM/DD'),'Wezd6C843a62M9FwhOVqIcdn9tlqpWs/UBC3lSHm1Hs=$H9a6MDBzS12LVqrKzLa3JNsD++Ar/qe8wgCgzuufIZs=','123-567-895','user');
Insert into RAILWAY.USERS (USER_ID,NAME,LAST_NAME,EMAIL,ADDRESS,DATE_OF_REGISTRATION,PASSWORD,PHONE_NUMBER,STATUS) values ('22','Dariusz','Nowobilski','dnowobilski@gmail.com','Grodzka 39/12 Krakow',to_date('16/12/27','RR/MM/DD'),'/f45jjsyRqy0V/p1KE8atBngNpW44Re0Fj8zLSFQTNk=$FioOMjgYeAsMmoqUbqMXK9su+yw67EmJV4cY8G2TLLQ=','548-754-698','user');
Insert into RAILWAY.USERS (USER_ID,NAME,LAST_NAME,EMAIL,ADDRESS,DATE_OF_REGISTRATION,PASSWORD,PHONE_NUMBER,STATUS) values ('26','Anna','Janta','ajanta@gmail.com','qwertyuiop',to_date('16/12/27','RR/MM/DD'),'uzM+ffl96rSstKBnfAQSAPvzECQr1GQZi7fDHxuOOMI=$pqBlUNzu5skb/jxzqcRfoq7VctYJD1aq516rXqwhmNA=','65318589','user');
Insert into RAILWAY.USERS (USER_ID,NAME,LAST_NAME,EMAIL,ADDRESS,DATE_OF_REGISTRATION,PASSWORD,PHONE_NUMBER,STATUS) values ('28','qwe','qwe','qwe@gmail.com','fwac',to_date('16/12/27','RR/MM/DD'),'3DeLbYRI6pRrievSb/b4YBkn3TqyUzDnY+Y7DtJ0Nfw=$CC7EutGOotEeNq/Lqd0Z3Ygzgj/GM1Jrv6K0wc5APMk=','gce','user');
Insert into RAILWAY.USERS (USER_ID,NAME,LAST_NAME,EMAIL,ADDRESS,DATE_OF_REGISTRATION,PASSWORD,PHONE_NUMBER,STATUS) values ('30','agnieszka','kowalska','agakowalska@gmail.com','Siwa 46, Skawina',to_date('16/12/27','RR/MM/DD'),'J6qKikOFJ7WmIPiSR1LpxuxENwf0vJNWIVjNtSXuvEY=$IrZL6DlWxhHJg1njE98enX9kKSC/GVQanoT2LaV322Y=','652-355-353','user');
Insert into RAILWAY.USERS (USER_ID,NAME,LAST_NAME,EMAIL,ADDRESS,DATE_OF_REGISTRATION,PASSWORD,PHONE_NUMBER,STATUS) values ('31','na','sh','sf@gmail.com','evwyjg',to_date('16/12/27','RR/MM/DD'),'ARj+yEzbua3qHBBZe0oM42I7txfUVYU9X+9fgCMn0/w=$edr/9WKleU85UrMIY12wr+1i1cXo152/84BYgQCOI/o=','sjhsd','user');
Insert into RAILWAY.USERS (USER_ID,NAME,LAST_NAME,EMAIL,ADDRESS,DATE_OF_REGISTRATION,PASSWORD,PHONE_NUMBER,STATUS) values ('18','marian','kowalski','mmkowalski@gmail.com','hhh',to_date('17/01/05','RR/MM/DD'),'cqZHcY2pvHNBz+IZGX84PPSge+aJcV3Js4QcWvxbJwI=$dYm5a7kyR8G0uPD28jSlpkgH4ze4BFi7dx8v+I7z9dE=','884-632-874','user');
Insert into RAILWAY.USERS (USER_ID,NAME,LAST_NAME,EMAIL,ADDRESS,DATE_OF_REGISTRATION,PASSWORD,PHONE_NUMBER,STATUS) values ('33','Janina','Kowalska','janinakowalska@gmail.com','hvqwnk',to_date('17/01/05','RR/MM/DD'),'t8B7e+tCUoAnMQzpKgsO6ovJWUZRK9cpZsfhLCfstZw=$GkfEAIqf6GVTjXKgfZmZQ6r6JpmnPZ7N0Z59dt6sQ4w=','561284364','user');
Insert into RAILWAY.USERS (USER_ID,NAME,LAST_NAME,EMAIL,ADDRESS,DATE_OF_REGISTRATION,PASSWORD,PHONE_NUMBER,STATUS) values ('25','Andrzej','Kaszubek','a1@gmail.com','Kobierzynska 74/19 Krakow',to_date('17/01/05','RR/MM/DD'),'DTecDdctSPl+ERoRrwEF8A7o/NFoLgccEQ4cZxG6Qig=$JST6t0Fga//+ErJ0b4LUD5UXLQlZz19Xa3yY41vfF64=','468-584-488','user');
--------------------------------------------------------
--  DDL for Index I_USERID_PK
--------------------------------------------------------

  CREATE UNIQUE INDEX "RAILWAY"."I_USERID_PK" ON "RAILWAY"."USERS" ("USER_ID") 
  PCTFREE 10 INITRANS 2 MAXTRANS 255 COMPUTE STATISTICS 
  STORAGE(INITIAL 65536 NEXT 1048576 MINEXTENTS 1 MAXEXTENTS 2147483645
  PCTINCREASE 0 FREELISTS 1 FREELIST GROUPS 1
  BUFFER_POOL DEFAULT FLASH_CACHE DEFAULT CELL_FLASH_CACHE DEFAULT)
  TABLESPACE "USERS" ;
--------------------------------------------------------
--  DDL for Procedure CREATE_CARRIAGE
--------------------------------------------------------
set define off;

  CREATE OR REPLACE EDITIONABLE PROCEDURE "RAILWAY"."CREATE_CARRIAGE" (

  carriage_id in carriages.carriage_id%TYPE,
  carriage_class in carriages.class%TYPE,
  compartments_amount INTEGER,
  compartment_seats_amount INTEGER
) IS

  seat_index INTEGER;
  compartment_index  INTEGER;
  seat_id  SEATS.SEAT_ID%TYPE;
BEGIN

  INSERT INTO CARRIAGES 
    (CARRIAGE_ID,CLASS)
  values
    (carriage_id,carriage_class);
  
  compartment_index :=1;
  compartment_index :=1;
  
  Select max("SEAT_ID") into seat_id from SEATS;
  IF seat_id is null then
    seat_id := 1;
  ELSE
    seat_id:=seat_id+1;
  END IF;

  FOR compartment_index IN 1..compartments_amount LOOP
    FOR seat_index IN 1..compartment_seats_amount LOOP
        INSERT INTO SEATS 
        (SEAT_ID,SEAT_NUMBER,COMPARTMENT_ID,CARRIAGE_ID)
        values
        (seat_id,seat_index,compartment_index,carriage_id);
        seat_id:=seat_id+1;
    END LOOP;
  END LOOP;
  
END create_carriage;


CALL create_carriage(4569279,2,8,6);

Select * from carriages;


create or replace FUNCTION tickets_amount(
 train_id in trains.train_id%TYPE
 )RETURN INTEGER AS 
 amount INTEGER
 BEGIN
    
     Select SUM("SEAT_ID") into seat_id from SEATS WHERE ;
 END 
 
 SELECT carriage_id from CARRIAGES  where train_id = 1;

 Select SEATS.SEAT_ID
 from CARRIAGES FULL JOIN SEATS 
 ON CARRIAGES.CARRIAGE_ID = SEATS.CARRIAGE_ID WHERE CARRIAGES.TRAIN_ID = 1 ;

/
--------------------------------------------------------
--  DDL for Procedure CREATE_USER
--------------------------------------------------------
set define off;

  CREATE OR REPLACE EDITIONABLE PROCEDURE "RAILWAY"."CREATE_USER" (
  usr_name in USERS.NAME%TYPE,
  usr_last_name in USERS.LAST_NAME%TYPE,
  usr_email in USERS.EMAIL%TYPE,
  usr_password in USERS.PASSWORD%TYPE,
  usr_address in USERS.ADDRESS%TYPE,
  usr_phone_number in USERS.PHONE_NUMBER%TYPE
)IS
  usr_date USERS.DATE_OF_REGISTRATION%TYPE;
  usr_id  USERS.USER_ID%TYPE;
  
  BEGIN
  SELECT SYSDATE into usr_date from dual;
  
  
  Select min("unused_id") into usr_id from unused_id;
  
  IF usr_id is null then
      Select max(user_id) into usr_id from users ;
      usr_id := usr_id +1;
  ELSE
      DELETE FROM UNUSED_ID WHERE "unused_id" = usr_id;
  END IF;

  INSERT INTO USERS 
  ( USER_ID, NAME, LAST_NAME, EMAIL, ADDRESS, DATE_OF_REGISTRATION, PASSWORD, PHONE_NUMBER) values
  ( usr_id,usr_name, usr_last_name,usr_email,usr_address,usr_date, usr_password,usr_phone_number);
  
END create_user;

/
--------------------------------------------------------
--  DDL for Procedure DELETE_USER
--------------------------------------------------------
set define off;

  CREATE OR REPLACE EDITIONABLE PROCEDURE "RAILWAY"."DELETE_USER" 
(
  usr_email in USERS.EMAIL%TYPE
)IS
  usr_id  USERS.USER_ID%TYPE;
BEGIN
  Select user_id into usr_id from users WHERE EMAIL = usr_email;
  Insert into UNUSED_ID ("unused_id") values (usr_id);
  DELETE FROM USERS WHERE EMAIL = usr_email;
END DELETE_USER;

/
--------------------------------------------------------
--  DDL for Procedure UPDATE_PROFILE
--------------------------------------------------------
set define off;

  CREATE OR REPLACE EDITIONABLE PROCEDURE "RAILWAY"."UPDATE_PROFILE" (
usr_id in USERS.USER_ID%TYPE,
usr_name in USERS.NAME%TYPE,
usr_last_name in USERS.LAST_NAME%TYPE,
usr_address in USERS.ADDRESS%TYPE,
usr_phone_number in USERS.PHONE_NUMBER%TYPE
)IS
BEGIN
UPDATE USERS 
SET NAME = usr_name, LAST_NAME = usr_last_name, ADDRESS = usr_address, PHONE_NUMBER = usr_phone_number WHERE usr_id = USER_ID;
END update_profile;

/
--------------------------------------------------------
--  Constraints for Table EXECUTE_RELATIONS
--------------------------------------------------------

  ALTER TABLE "RAILWAY"."EXECUTE_RELATIONS" ADD PRIMARY KEY ("EXEC_RELATION_ID")
  USING INDEX PCTFREE 10 INITRANS 2 MAXTRANS 255 COMPUTE STATISTICS 
  STORAGE(INITIAL 65536 NEXT 1048576 MINEXTENTS 1 MAXEXTENTS 2147483645
  PCTINCREASE 0 FREELISTS 1 FREELIST GROUPS 1
  BUFFER_POOL DEFAULT FLASH_CACHE DEFAULT CELL_FLASH_CACHE DEFAULT)
  TABLESPACE "USERS"  ENABLE;
  ALTER TABLE "RAILWAY"."EXECUTE_RELATIONS" MODIFY ("TIME_TO" NOT NULL ENABLE);
  ALTER TABLE "RAILWAY"."EXECUTE_RELATIONS" MODIFY ("TIME_FROM" NOT NULL ENABLE);
  ALTER TABLE "RAILWAY"."EXECUTE_RELATIONS" MODIFY ("DATE_TO" NOT NULL ENABLE);
  ALTER TABLE "RAILWAY"."EXECUTE_RELATIONS" MODIFY ("DATE_FROM" NOT NULL ENABLE);
  ALTER TABLE "RAILWAY"."EXECUTE_RELATIONS" MODIFY ("RELATION_ID" NOT NULL ENABLE);
  ALTER TABLE "RAILWAY"."EXECUTE_RELATIONS" MODIFY ("TRAIN_ID" NOT NULL ENABLE);
--------------------------------------------------------
--  Constraints for Table RESERVATIONS
--------------------------------------------------------

  ALTER TABLE "RAILWAY"."RESERVATIONS" ADD PRIMARY KEY ("RESERVATION_ID")
  USING INDEX PCTFREE 10 INITRANS 2 MAXTRANS 255 COMPUTE STATISTICS 
  TABLESPACE "USERS"  ENABLE;
  ALTER TABLE "RAILWAY"."RESERVATIONS" MODIFY ("DATE" NOT NULL ENABLE);
  ALTER TABLE "RAILWAY"."RESERVATIONS" MODIFY ("COST" NOT NULL ENABLE);
  ALTER TABLE "RAILWAY"."RESERVATIONS" MODIFY ("USER_ID" NOT NULL ENABLE);
  ALTER TABLE "RAILWAY"."RESERVATIONS" MODIFY ("TICKET_ID" NOT NULL ENABLE);
--------------------------------------------------------
--  Constraints for Table TICKETS
--------------------------------------------------------

  ALTER TABLE "RAILWAY"."TICKETS" ADD PRIMARY KEY ("TICKET_ID")
  USING INDEX PCTFREE 10 INITRANS 2 MAXTRANS 255 COMPUTE STATISTICS 
  TABLESPACE "USERS"  ENABLE;
  ALTER TABLE "RAILWAY"."TICKETS" MODIFY ("EXEC_RELATION_ID" NOT NULL ENABLE);
  ALTER TABLE "RAILWAY"."TICKETS" MODIFY ("STATUS" NOT NULL ENABLE);
  ALTER TABLE "RAILWAY"."TICKETS" MODIFY ("PRICE" NOT NULL ENABLE);
  ALTER TABLE "RAILWAY"."TICKETS" MODIFY ("TYPE" NOT NULL ENABLE);
--------------------------------------------------------
--  Constraints for Table STATIONS
--------------------------------------------------------

  ALTER TABLE "RAILWAY"."STATIONS" ADD PRIMARY KEY ("STATION_ID")
  USING INDEX PCTFREE 10 INITRANS 2 MAXTRANS 255 COMPUTE STATISTICS 
  STORAGE(INITIAL 65536 NEXT 1048576 MINEXTENTS 1 MAXEXTENTS 2147483645
  PCTINCREASE 0 FREELISTS 1 FREELIST GROUPS 1
  BUFFER_POOL DEFAULT FLASH_CACHE DEFAULT CELL_FLASH_CACHE DEFAULT)
  TABLESPACE "USERS"  ENABLE;
  ALTER TABLE "RAILWAY"."STATIONS" MODIFY ("ADDRESS" NOT NULL ENABLE);
  ALTER TABLE "RAILWAY"."STATIONS" MODIFY ("CITY" NOT NULL ENABLE);
  ALTER TABLE "RAILWAY"."STATIONS" MODIFY ("NAME" NOT NULL ENABLE);
--------------------------------------------------------
--  Constraints for Table UNUSED_ID
--------------------------------------------------------

  ALTER TABLE "RAILWAY"."UNUSED_ID" MODIFY ("unused_id" NOT NULL ENABLE);
--------------------------------------------------------
--  Constraints for Table RELATIONS
--------------------------------------------------------

  ALTER TABLE "RAILWAY"."RELATIONS" ADD PRIMARY KEY ("RELATION_ID")
  USING INDEX PCTFREE 10 INITRANS 2 MAXTRANS 255 COMPUTE STATISTICS 
  STORAGE(INITIAL 65536 NEXT 1048576 MINEXTENTS 1 MAXEXTENTS 2147483645
  PCTINCREASE 0 FREELISTS 1 FREELIST GROUPS 1
  BUFFER_POOL DEFAULT FLASH_CACHE DEFAULT CELL_FLASH_CACHE DEFAULT)
  TABLESPACE "USERS"  ENABLE;
  ALTER TABLE "RAILWAY"."RELATIONS" MODIFY ("STATION_ID_TO" NOT NULL ENABLE);
  ALTER TABLE "RAILWAY"."RELATIONS" MODIFY ("STATION_ID_FROM" NOT NULL ENABLE);
--------------------------------------------------------
--  Constraints for Table TRAINS
--------------------------------------------------------

  ALTER TABLE "RAILWAY"."TRAINS" ADD PRIMARY KEY ("TRAIN_ID")
  USING INDEX PCTFREE 10 INITRANS 2 MAXTRANS 255 COMPUTE STATISTICS 
  STORAGE(INITIAL 65536 NEXT 1048576 MINEXTENTS 1 MAXEXTENTS 2147483645
  PCTINCREASE 0 FREELISTS 1 FREELIST GROUPS 1
  BUFFER_POOL DEFAULT FLASH_CACHE DEFAULT CELL_FLASH_CACHE DEFAULT)
  TABLESPACE "USERS"  ENABLE;
--------------------------------------------------------
--  Constraints for Table USERS
--------------------------------------------------------

  ALTER TABLE "RAILWAY"."USERS" ADD CONSTRAINT "I_USERID_PK" PRIMARY KEY ("USER_ID")
  USING INDEX PCTFREE 10 INITRANS 2 MAXTRANS 255 COMPUTE STATISTICS 
  STORAGE(INITIAL 65536 NEXT 1048576 MINEXTENTS 1 MAXEXTENTS 2147483645
  PCTINCREASE 0 FREELISTS 1 FREELIST GROUPS 1
  BUFFER_POOL DEFAULT FLASH_CACHE DEFAULT CELL_FLASH_CACHE DEFAULT)
  TABLESPACE "USERS"  ENABLE;
  ALTER TABLE "RAILWAY"."USERS" MODIFY ("PASSWORD" NOT NULL ENABLE);
  ALTER TABLE "RAILWAY"."USERS" MODIFY ("DATE_OF_REGISTRATION" NOT NULL ENABLE);
  ALTER TABLE "RAILWAY"."USERS" MODIFY ("ADDRESS" NOT NULL ENABLE);
  ALTER TABLE "RAILWAY"."USERS" MODIFY ("EMAIL" NOT NULL ENABLE);
  ALTER TABLE "RAILWAY"."USERS" MODIFY ("LAST_NAME" NOT NULL ENABLE);
  ALTER TABLE "RAILWAY"."USERS" MODIFY ("NAME" NOT NULL ENABLE);
--------------------------------------------------------
--  Constraints for Table SEATS
--------------------------------------------------------

  ALTER TABLE "RAILWAY"."SEATS" ADD PRIMARY KEY ("SEAT_ID")
  USING INDEX PCTFREE 10 INITRANS 2 MAXTRANS 255 COMPUTE STATISTICS 
  STORAGE(INITIAL 65536 NEXT 1048576 MINEXTENTS 1 MAXEXTENTS 2147483645
  PCTINCREASE 0 FREELISTS 1 FREELIST GROUPS 1
  BUFFER_POOL DEFAULT FLASH_CACHE DEFAULT CELL_FLASH_CACHE DEFAULT)
  TABLESPACE "USERS"  ENABLE;
  ALTER TABLE "RAILWAY"."SEATS" MODIFY ("CARRIAGE_ID" NOT NULL ENABLE);
--------------------------------------------------------
--  Constraints for Table CARRIAGES
--------------------------------------------------------

  ALTER TABLE "RAILWAY"."CARRIAGES" ADD PRIMARY KEY ("CARRIAGE_ID")
  USING INDEX PCTFREE 10 INITRANS 2 MAXTRANS 255 COMPUTE STATISTICS 
  STORAGE(INITIAL 65536 NEXT 1048576 MINEXTENTS 1 MAXEXTENTS 2147483645
  PCTINCREASE 0 FREELISTS 1 FREELIST GROUPS 1
  BUFFER_POOL DEFAULT FLASH_CACHE DEFAULT CELL_FLASH_CACHE DEFAULT)
  TABLESPACE "USERS"  ENABLE;
  ALTER TABLE "RAILWAY"."CARRIAGES" MODIFY ("CLASS" NOT NULL ENABLE);
--------------------------------------------------------
--  Ref Constraints for Table CARRIAGES
--------------------------------------------------------

  ALTER TABLE "RAILWAY"."CARRIAGES" ADD CONSTRAINT "TRAIN_ID" FOREIGN KEY ("TRAIN_ID")
	  REFERENCES "RAILWAY"."TRAINS" ("TRAIN_ID") ENABLE;
--------------------------------------------------------
--  Ref Constraints for Table EXECUTE_RELATIONS
--------------------------------------------------------

  ALTER TABLE "RAILWAY"."EXECUTE_RELATIONS" ADD CONSTRAINT "REALTIONS_RELATION_ID" FOREIGN KEY ("RELATION_ID")
	  REFERENCES "RAILWAY"."RELATIONS" ("RELATION_ID") ENABLE;
  ALTER TABLE "RAILWAY"."EXECUTE_RELATIONS" ADD CONSTRAINT "TRAINS_TRAIN_ID" FOREIGN KEY ("TRAIN_ID")
	  REFERENCES "RAILWAY"."TRAINS" ("TRAIN_ID") ENABLE;
--------------------------------------------------------
--  Ref Constraints for Table RELATIONS
--------------------------------------------------------

  ALTER TABLE "RAILWAY"."RELATIONS" ADD CONSTRAINT "STATION_ID_FROM" FOREIGN KEY ("STATION_ID_FROM")
	  REFERENCES "RAILWAY"."STATIONS" ("STATION_ID") ENABLE;
  ALTER TABLE "RAILWAY"."RELATIONS" ADD CONSTRAINT "STATION_ID_TO" FOREIGN KEY ("STATION_ID_TO")
	  REFERENCES "RAILWAY"."STATIONS" ("STATION_ID") ENABLE;
--------------------------------------------------------
--  Ref Constraints for Table RESERVATIONS
--------------------------------------------------------

  ALTER TABLE "RAILWAY"."RESERVATIONS" ADD CONSTRAINT "TICKET_ID" FOREIGN KEY ("TICKET_ID")
	  REFERENCES "RAILWAY"."TICKETS" ("TICKET_ID") ENABLE;
  ALTER TABLE "RAILWAY"."RESERVATIONS" ADD CONSTRAINT "USER_ID" FOREIGN KEY ("USER_ID")
	  REFERENCES "RAILWAY"."USERS" ("USER_ID") ENABLE;
--------------------------------------------------------
--  Ref Constraints for Table SEATS
--------------------------------------------------------

  ALTER TABLE "RAILWAY"."SEATS" ADD CONSTRAINT "CARRIAGE_ID" FOREIGN KEY ("CARRIAGE_ID")
	  REFERENCES "RAILWAY"."CARRIAGES" ("CARRIAGE_ID") ENABLE;
--------------------------------------------------------
--  Ref Constraints for Table TICKETS
--------------------------------------------------------

  ALTER TABLE "RAILWAY"."TICKETS" ADD CONSTRAINT "EXEC_RELATION_ID" FOREIGN KEY ("EXEC_RELATION_ID")
	  REFERENCES "RAILWAY"."EXECUTE_RELATIONS" ("EXEC_RELATION_ID") ENABLE;
  ALTER TABLE "RAILWAY"."TICKETS" ADD CONSTRAINT "SEAT_ID" FOREIGN KEY ("SEAT_ID")
	  REFERENCES "RAILWAY"."SEATS" ("SEAT_ID") ENABLE;
